,id,author_id,created_at,lang,text
0,1549187149735628801,1528856711725031425,2022-07-19T00:19:33.000Z,en,"https://t.co/K72G81c0ti

Python Programming for Beginners: The Ultimate Crash Course to Learn Python in 7 Days with Step-by-Step Guidance and Hands-On Exercises
#pythonprogramming #100daysofcode #python #opengl #computerscience #python3 #coding #win32api"
1,1549187007016042498,134434122,2022-07-19T00:18:59.000Z,en,"#FEATURED #COURSES

Machine Learning, Data Science and Deep Learning with Python

Complete hands-on #machine #learning tutorial with #data #science, #Tensorflow, #artificial #intelligence, and neural networks

https://t.co/PaHDf4fIL2

#python #100daysofcode #coding #udemy https://t.co/PVJJUjvrDi"
2,1549186888921227265,1402185900247953410,2022-07-19T00:18:31.000Z,en,"Excellency is our top focus 
#Essays
#Homework
Exams
Assignments 
#Assignmentdue 
#homeworkdue
#Homeworkhelp 
#essayhelp 
#Onlineclass 
essaypay 
#Essaydue
essaywrite 
#Essays
#Javascript
#Python
#Programming
#CodeNewbies 
#100DaysOfCode
#NodeJS 

DM @Academictutor20"
3,1549186783115714560,91608548,2022-07-19T00:18:06.000Z,en,"#hackers can spoof commit #metadata to create false #github repositories

https://t.co/UMbrq1Djpm

#devops #cyberwar #cybercrime #cyber #hacker #privacy #APT #bot #CISO #SRE #100DaysOfCode #bugbounty #CyberAttack #cybersecurity #Security #infosec #OpenSource #Python #javascript"
4,1549186617050632192,1402185900247953410,2022-07-19T00:17:26.000Z,en,"DM for assignment help
#payessay
#Homeworkhelp
#EssayHelp
#Essaydue #Assignmenthelp
#payhomework
#paysomeone
#payresearch
#paypaperdue
#paydiscussion
#paycasestudy 
#Essaypay
#onlineclass 
#paystatistics
#python  
#100DaysOfCode
#WomenWhoCode
#NodeJS #IoT #javascript #code"
5,1549186392076566533,91608548,2022-07-19T00:16:33.000Z,en,"Roaming Mantis hits #Android and #iOS users in #malware, #phishing attacks
 https://t.co/KbVaZhOTeU

#cyberwar #cybercrime #cyber #hacker #privacy #APT #bot #CISO #100DaysOfCode #CodeNewbies #bugbounty #CyberAttack #cybersecurity #Security #infosec #OpenSource #Python #javascript"
6,1549186274262753280,1528856711725031425,2022-07-19T00:16:04.000Z,en,"https://t.co/qTMcUjRqy9 

Machine Learning with PyTorch and Scikit-Learn: Develop machine learning and deep learning models with Python
#computerscience #100daysofcode #coding #pytorch #audioprocessing #python3 #speech #nlp"
7,1549186125000065024,1402185900247953410,2022-07-19T00:15:29.000Z,en,"Pay us to do or write your 
#Assignments 
#Legal writing
#homework
#Homeworkhelp 
#summerclasses 
#Onlineclass 
#essayhelp 
#Essaydue 
#essaywrite 
#Essays
#Music
#Art
#Law 
#Javascript
#Python
#Programming
#CodeNewbies 
#100daysofcode
#webdevelopment 
#Datascience #classes"
8,1549185892589441024,1402185900247953410,2022-07-19T00:14:33.000Z,en,"This Summer, let's handle your:-
#Assignments
#Calculus
#Homework
#Summerclasses
#Onlineclass
#Finance
#Accounting
#Essaydue
#Engineering
#Music
#Art
#Law
#Javascript
#Python
#Programming
@Academictutor20 
#CodeNewbies 
#100daysofcode
#Webdevelopment 
#Datascience"
9,1549185757792899074,1528856711725031425,2022-07-19T00:14:01.000Z,en,"#coding #graphics #design #pythonprogramming #programminglanguages #visualization #100daysofcode
 
https://t.co/3yVlhJOrNy 
Learning OpenCV 4 Computer Vision with Python 3: Get to grips with tools, techniques, and algorithms for computer vision and machine learni‚Ä¶"
10,1549185674070224898,176742962,2022-07-19T00:13:41.000Z,en,"This email &amp; domain ( bcn@webjaguarmail.com)
is #Phishing #Scam #Fraud

#Pride2022 #truth
#Steam
#nonbinary #laicism
#indiegames #IndieGameDev #100DaysOfCode
#science #Tech4All
#TFSM #LGBT #LGBTQ #EU #UKR #peace
#steampunk #Flutter
#javascript #Python #Sherlock
#GideonTheNinth"
11,1549185616138477569,176742962,2022-07-19T00:13:28.000Z,en,"This email &amp; domain ( bcn@webjaguarmail.com)
is #Phishing #Scam #Fraud

#Pride2022 #truth
#Steam
#nonbinary #laicism
#indiegames #IndieGameDev #100DaysOfCode
#science #Tech4All #tech
#TFSM #LGBT #LGBTQ #EU #UK #UKR
#steampunk #Flutter
#javascript #Python #Sherlock
#GideonTheNinth"
12,1549185560555782144,1396848284606550019,2022-07-19T00:13:14.000Z,en,"Need help don't fear to reach out;
Superb work guaranteed!
#online classes 
#summer 
#Essay due
#Paper pay 
#javascript
#Case study
#python
#Do my project 
#homework due 
#Essaypay 
#100DaysOfCode 
#essay write
#essay help
#assignments due 
#programming."
13,1549185524002222080,176742962,2022-07-19T00:13:06.000Z,en,"This email &amp; domain ( bcn@webjaguarmail.com)
is #Phishing #Scam #Fraud

#Pride2022 #truth
#Steam
#nonbinary #laicism
#indiegames #IndieGameDev #100DaysOfCode
#science #Tech4All #AI
#TFSM #LGBT #LGBTQ #EU #UKR #NATO
#steampunk #Flutter
#javascript #Python #Sherlock
#GideonTheNinth"
14,1549185424970711040,1402185900247953410,2022-07-19T00:12:42.000Z,en,"Hire us today and improve your grades
#Exams
#Paperpay
#Homework 
#Essays 
#Python
#summerclasses 
#Onlineclass 
#essayhelp 
#Quizes
#FALLCLASSES
#Assignments 
#Assignmentdue 
#Programming
#CUNY2022
#denisonu
#CodeNewbies 
#100DaysOfCode  
#DEVCommunity 
#Assignmentdue
DM now"
15,1549185379160363009,176742962,2022-07-19T00:12:31.000Z,en,"This email &amp; domain ( bcn@webjaguarmail.com)
is #Phishing #Scam #Fraud

#Pride2022 #truth
#Steam
#nonbinary #laicism
#indiegames #IndieGameDev #100DaysOfCode
#science #Tech4All #tech #AI
#TFSM #LGBT #LGBTQ #EU #UKR
#steampunk #Flutter
#javascript #Python #Sherlock
#GideonTheNinth"
16,1549185325611753482,1402185900247953410,2022-07-19T00:12:18.000Z,en,"Hit our Dm now 
#Springclasses 
#Fallclasses 
#Fallsemester 
#excel
#Project
#math
#Essay  
#WomenWhoCode
#history 
Python
Online classes
#physics
Philosophy 
#Chemistry
#NodeJS
#javascript  
Javascript 
Paper pay 
Case study
#100DaysOfCode
@Academictutor20"
17,1549184976989601792,1402185900247953410,2022-07-19T00:10:55.000Z,en,"DM us now and get As
#Chemistry
#Physics
#nursing
#Homework
#Onlineclass
#Discussions
#paper
#Resumes
#javascript
#calculus
#someonehelp
#Python
#thesis
#essaysdue
#biology
#sociology
#accounting
#essaypay
#100DaysOfCode
#payfinal
#powerpoint
#Assignments &gt;
DM @Academictutor20"
18,1549184699184070658,1106663407023992832,2022-07-19T00:09:49.000Z,en,"Need help don't fear to reach out;
Superb work guaranteed!
#online classes 
#summer 
#Essay due
#Paper pay 
#javascript
#Case study
#python
#Do my project 
#homework due 
#Essaypay 
#100DaysOfCode 
#essay write
#essay help
#assignments due 
#programming."
19,1549184517126193152,1295645906457571329,2022-07-19T00:09:05.000Z,en,"Pay us to do or write your 
#Assignments 
#calculus 
#homework
#Homeworkhelp 
#summerclasses 
#Onlineclass 
#essayhelp 
#Essaydue 
#essaywrite 
#Essays
#Music
#Art
#Javascript
#Python
#Programming
#CodeNewbies 
#100daysofcode
#webdevelopment 
#Datascience
Dm us now for help"
20,1549184504090214400,1459057388237950981,2022-07-19T00:09:02.000Z,en,"üì© #USA #Freelance site was opened!

 üí´https://t.co/7bS8d4AiUi

#ML #DataScience #SQL #Cybersecurity #BigData #Analytics #AI #IIoT #Python #RStats #JavaScript #ReactJS #CloudComputing #Serverless #DataScientist #Linux #Programming #Coding #100DaysofCode #NodeJS #golang #NLP #IoT https://t.co/MRVChfKIIr"
21,1549184497349951490,958467410843054080,2022-07-19T00:09:01.000Z,en,"day 1 /100 
I have solved some python problems at hackerrank
#100DaysOfCode"
22,1549184411517714435,1020592646916575233,2022-07-19T00:08:40.000Z,en,"DM us now and get As
#Chemistry
#Physics
#nursing
#Homework
#Onlineclass&gt;
#Discussions
#paper
#Resumes
#javascript
#calculus
#someonehelp
#Python
#thesis
#essaysdue
#biology
#sociology
#accounting
#essaypay
#100DaysOfCode
#payfinal
#powerpoint
#Assignments 
DM 
@essay_help21"
23,1549184343892951043,227530614,2022-07-19T00:08:24.000Z,en,No. 2602 programming meme #programmingjoke #code #coding #javascript #python #datascience #programming #programmer #joke #100daysofcode #webdev #webdevelopment #php #java #linux #css #programmingmemes #codinglife #codingpics #programmingjokes https://t.co/rJ3Hq8Bw5Y #configurow‚Ä¶
24,1549184319087861760,1020592646916575233,2022-07-19T00:08:18.000Z,en,"DM us now and get As
#Chemistry
#Physics
#nursing
#Homework
#Onlineclass
#Discussions
#paper
#Resumes
#javascript
#calculus
#someonehelp
#Python
#thesis
#essaysdue
#biology
#sociology&lt;&lt;
#accounting
#essaypay
#100DaysOfCode
#payfinal
#powerpoint
#Assignments 
DM 
@essay_help21"
25,1549184249709871104,1020592646916575233,2022-07-19T00:08:02.000Z,en,"DM us now and get As
#Chemistry
#Physics
#nursing
#Homework
#Onlineclass
#Discussions
#paper
#Resumes
#javascript
#calculus
#someonehelp
#Python
#thesis
#essaysdue
#biology
#sociology
#accounting
#essaypay
#100DaysOfCode
#payfinal
#powerpoint
#Assignments &gt;
DM 
@essay_help21"
26,1549184241291984896,75673231,2022-07-19T00:08:00.000Z,en,"Will EU #digital identity drop the unique identifier?

https://t.co/vdmi9MNOsv @BiometricUpdate

üí• #tech #innovation #datascience #Python #flutter #marketing #JavaScript #100DaysofCode #bot #tensorFlow #cloud #ML #fintech #insurtech #finserv #Metaverse #GovTech #BNPL #ReactJS"
27,1549184179086163970,1020592646916575233,2022-07-19T00:07:45.000Z,en,"DM us now and get As
#Chemistry
#Physics
#nursing
#Homework
#Onlineclass
#Discussions
#paper
#Resumes
#javascript
#calculus
#someonehelp
#Python
#thesis
#essaysdue
#biology
#sociology
#accounting. 
#essaypay
#100DaysOfCode
#payfinal
#powerpoint
#Assignments 
DM 
@essay_help21"
28,1549184124614836224,1276010473452945408,2022-07-19T00:07:32.000Z,en,"Hire for quality work
#Physics 
Geography 
Nursing #Biochem  
#essay
#Pay assignment 
Economics 
#pay someone 
#python 
#Psychology
#Programming 
#Pay essay
Algebra 
Pay biology
#spring classes 
#javascript 
#WomenWhoCode 
#Maths 
#100DaysOfCode
#Online classes
@academics_real5 https://t.co/52RaweKTW4"
29,1549184028804268032,1020592646916575233,2022-07-19T00:07:09.000Z,en,"DM us now and get As
#Chemistry
#Physics
#nursing
#Homework
#Onlineclass
#Discussions
#paper
#Resumes
#javascript
#calculus
#someonehelp
#Python
#thesis
#essaysdue
#biology
#sociology
#accounting
#essaypay
#100DaysOfCode
#payfinal/
#powerpoint
#Assignments 
DM @essay_help21"
30,1549183906271973376,1020592646916575233,2022-07-19T00:06:40.000Z,en,"DM us now and get As
#Chemistry
#Physics
#nursing
#Homework
#Onlineclass
#Discussions
#paper
#Resumes
#javascript
#calculus
#someonehelp
#Python
#thesis
#essaysdue
#biology
#sociology
#accounting
#essaypay
#100DaysOfCode
#payfinal
#powerpoint
#Assignments 
DM 
@essay_help21"
31,1549183865889214471,1276010473452945408,2022-07-19T00:06:30.000Z,en,"Do you need help in? 
#python
#homeworkdue 
#chemistry
#Onlineclass
#Essaypay
#Econometrics
#Statistics
#homework
#essaywrite
#Essayhelp
Casestudy
#Javascript
#Maths 
#Philosophy
#homeworkslave
#Law
#100DaysOfCode
#WomenWhoCode
#NodeJS
#DEVCommunity 

Hmu 
@academics_real5 https://t.co/MoIsojMywo"
32,1549183826299129856,1396848284606550019,2022-07-19T00:06:21.000Z,en,"Grade A+ assured in any timed paper
#Essay due
#Pay write
#javascript
#Online class take
#Philosophy 
#Chemistry
Literature
#Calculus1,2
#Biology
#Python
#Nursing
#psychology
#Essayhelp
#Essay
#Essaypay
#100DaysOfCode
#WomenWhoCode
#Java
#Linux.
Mathlab
 https://t.co/yVSrXA0SGM"
33,1549183742580768770,1276010473452945408,2022-07-19T00:06:01.000Z,en,"#online class
#assignments
#economics 
#essay pay
#essay due
#javascript
#chicagoessays
@academics_real5

#Maths  
#dissertation 
#Biology
#business 
#Project .
#proposals
#Python 
#research 
#Algebra
#ZeroPlagiarism
#Sociology
#100daysofcodechallenge 
#100DaysOfCode
#UK #UAE https://t.co/ORctx4kG9m"
34,1549183499025915904,1276010473452945408,2022-07-19T00:05:03.000Z,en,"Grade A+ assured in any timed paper
#Essay due
#Pay write
#javascript
#Online class take
#Philosophy 
#Chemistry
Literature
#Calculus1,2
#Biology
#Python
#Nursing
#psychology
#Essayhelp
#Essay
#Essaypay
#100DaysOfCode
#WomenWhoCode
#Java
#Linux.
Mathlab
DM
@academics_real5 https://t.co/5Q1hembZR0"
35,1549183435054452736,1507819716756316164,2022-07-19T00:04:48.000Z,en,"path to #DataScience, day 5 of #100DaysOfCode , #100daysofcodechallenge. learnt taking input in #Python, #pythonprogramming and input and output. tried installing #Anaconda . https://t.co/JBwTYaCKxm"
36,1549183309728698370,1340659203367702530,2022-07-19T00:04:18.000Z,en,"We are legit to offer you A grade in your
‚úìnursing
‚úìessays
‚úìchemistry
‚úìfinance
‚úìphysics
‚úìbiology.
‚úìphysics.
‚úìchemistry.
‚úìalgebra
‚úìcalculus
Assignment due .
#100DaysOfCode
#WomenWhoCode.
#javascript
#Python
#Serverless
#Asu #IoT

Text/Call +1 (445)333-4915"
37,1549183272235704320,1276010473452945408,2022-07-19T00:04:09.000Z,en,"Grade A+ assured in any timed paper
#Essay due
#Pay write
#javascript
#Online class take
#Philosophy 
#Chemistry
Literature
#Calculus1,2
#Biology
#Python
#Nursing
#psychology
#Essayhelp
#Essay
#Essaypay
#100DaysOfCode
#WomenWhoCode
#Java
#Linux.
Mathlab
DM
@academics_real5 https://t.co/xO3wKuqLPx"
38,1549183130736771074,1276010473452945408,2022-07-19T00:03:35.000Z,en,"Do you need help in? 
#python
#homeworkdue 
#chemistry
#Onlineclass
#Essaypay
#Econometrics
#Statistics
#homework
#essaywrite
#Essayhelp
Casestudy
#Javascript
#Maths 
#Philosophy
#homeworkslave
#Law
#100DaysOfCode
#WomenWhoCode
#NodeJS
#DEVCommunity 

Hmu 
@academics_real5 https://t.co/cBcPAVgg67"
39,1549183042400538635,134434122,2022-07-19T00:03:14.000Z,en,"100 Days of Code: The Complete #Python Pro #Bootcamp for 2022

Master #Python by building 100 projects in 100 days. Learn data science, automation, build websites, games and apps!

https://t.co/2rhmVBeKQ1

#udemy #online #courses #onlinecourses #100daysofcode #womenwhocode https://t.co/i66DIblpkS"
40,1549183009601064960,1276010473452945408,2022-07-19T00:03:06.000Z,en,"We are available 24/7
#python
#homeworkdue 
#chemistry
#Onlineclass
#Engineering
#Essays
#Econometrics
#Statistics
Thesis
#essaywrite
#Essayhelp
#Casestudy
#Javascript
#Maths 
#Philosophy
#homeworks
#100DaysOfCode
#WomenWhoCode
#NodeJ
dm
@academics_real5

WhatsApp +1(904)299-7012 https://t.co/H01rLACD9G"
41,1549182759335337984,1459057388237950981,2022-07-19T00:02:06.000Z,en,"üì© #USA #Freelancing #site was opened!

 üí´https://t.co/7bS8d4AiUi

#OpenSource #flutter #Serverless #hr #100DaysOfCode #CodeNewbie #Developers #bugbounty #cybersecurity #Security #infosec #Python #javascript #DataSecurity  #ETH #indiedev #coding #Developers #client #Employees https://t.co/SPECFvIvm4"
42,1549182731699077121,1332714745871421443,2022-07-19T00:02:00.000Z,en,"Looking for a #Job or #hiring?
Sign up now https://t.co/RfdWugt9nu
A sraightforward approach
#Robotics #AIEthics #MachineLearning #AI #Python #DataScience #BigData #100DaysOfCode #Robots #fintech #insurtech #Bitcoin #CyberSecurity #blockchain #coding #Crypto #NFTs #Metaverse #ETH https://t.co/wc68rYKbD9"
43,1549182487586390016,1529052664251678721,2022-07-19T00:01:02.000Z,en,"Here is a simple post on how to create and manage a virtualenv in #python
Let me know what do you think and ask me if you need help! 
https://t.co/Cij5AwMaTp

#programming #developer #virtualenv #blog #Blogs #100DaysOfCode #100daysofcodechallenge #learning #tutorial"
44,1549182313291997189,1539726330614398979,2022-07-19T00:00:20.000Z,en,Day 13 &amp;14 of Learning python.#100DaysOfCode #100daysofpython
45,1549182238381821952,1272948619822264320,2022-07-19T00:00:02.000Z,en,No. 2602 programming meme #programmingjoke #code #coding #javascript #python #datascience #programming #programmer #joke #100daysofcode #webdev #webdevelopment #php #java #linux #css #programmingmemes #codinglife #codingpics #programmingjokes https://t.co/itLPlZdkyw
46,1549182130999230467,1276010473452945408,2022-07-18T23:59:37.000Z,en,"We don't scam. It's simple steps to get your work done. Pay half and another half when you receive the work. Will be sending a draft/update every time you ask for it until we're done.
#100DaysOfCode #WomenWhoCode #NodeJS #IoT #Python #javascript 

WhatsApp  +1(904)299-7012 https://t.co/AfYNI6wFxk"
47,1549181903537930249,1328020662863204353,2022-07-18T23:58:42.000Z,en,"Need help don't fear to reach out;
Superb work guaranteed!
#online classes 
#summer 
#Essay due
#Paper pay 
#javascript
#Case study
#python
#Do my project 
#homework due 
#Essaypay 
#100DaysOfCode 
#essay write
#essay help
#assignments due 
#programming."
48,1549181820247457792,1276010473452945408,2022-07-18T23:58:23.000Z,en,"We are available to help you complete your essays and assignments
#Engineering
#Nursing
#python
#Onlineclass
#ESSAYS
#100DaysOfCode
#Econometrics
#Math
#essaywrite
Casestudy
#javascript
Homework
#Philosophy
#WomenWhoCode 
#Assignmentdue
Dm 
@academics_real5

+1(904)299-7012 https://t.co/zbCRBXaG27"
49,1549181653964177408,1459057388237950981,2022-07-18T23:57:43.000Z,qme,"@TalulahRiley 

#USA #Canada #UK #hr #100DaysOfCode #CodeNewbie #Developers #bugbounty #CyberAttack #cybersecurity #Security #infosec #OpenSource #Python #javascript #tech #DataSecurity #Malware #Hackers #opensea #openseanft @rarible #raribleNFT #withFND https://t.co/kmRhcV0YYs"
50,1549181305803382785,922960773659463680,2022-07-18T23:56:20.000Z,en,"Today's Coding Tip: Quick #Python Tips About Lists 
 #100DaysOfCode, #CodeNewbie, #301DaysOfCode #WomenWhoCode #WomenInTech
 Find FREE learning resources in https://t.co/LBpwxU1xQU https://t.co/l7nbpVHekR"
51,1549181218398228480,3068484222,2022-07-18T23:55:59.000Z,en,"The best books to learn #MachineLearning 

1 https://t.co/qEqCKhIo6v
2 https://t.co/ATAXTQkDyO
3 https://t.co/qX9PPOXCtk
4 https://t.co/Pms5BnPfe0

#100DaysOfCode #CodeNewbies #WomenWhoCode #code #DevOps #Coding #Python #Robotics #DeepLearning #DataScience #ML #AI #programming https://t.co/m6ymVwlnN2"
52,1549181150920409091,1276010473452945408,2022-07-18T23:55:43.000Z,en,"We are available to help you complete your essays and assignments
#Engineering
#Nursing
#python
#Onlineclass
#ESSAYS
#100DaysOfCode
#Econometrics
#Math
#essaywrite
Casestudy
#javascript
Homework
#Philosophy
#WomenWhoCode 
#Assignmentdue
Dm 
@academics_real5

+1(904)299-7012 https://t.co/TQV7jlABuP"
53,1549180912956579840,1276010473452945408,2022-07-18T23:54:46.000Z,en,"#Excellency is our top focus 
 #Essayshelp
#Homework
#Exams
#Assignments 
#Serverless
#Calculus
#Onlineclass
#javascript
#psychology
#dissertation
#Javascript
#Python
#programming
#Biology
#litreture
#CodeNewbies 
#100DaysOfCode
#Geography 
#WomenWhoCode 
#Dm us
@academics_real5 https://t.co/wY1IwpxXIJ"
54,1549180338907275264,91608548,2022-07-18T23:52:29.000Z,en,"Flipkart‚Äôs #Cleartrip confirms #databreach after hackers put #data for sale

https://t.co/ahyePJBP68

#cyberwar #cybercrime #cyber #hackers #privacy #APT #bot #CISO #100DaysOfCode #CodeNewbies #breach #CyberAttack #cybersecurity #Security #infosec #OpenSource #Python #javascript"
55,1549180248809521153,1271101293583613952,2022-07-18T23:52:08.000Z,en,"We are legit to offer you A grade in your
‚úìnursing
‚úìessays
‚úìchemistry
‚úìfinance
‚úìphysics
‚úìbiology.
‚úìphysics.
‚úìchemistry.
‚úìalgebra
‚úìcalculus
‚úìessay pay.
Assignment due .
#100DaysOfCode
#WomenWhoCode.
#javascript
#Python
#Serverless
https://t.co/lwYvAVwg1r https://t.co/J4OpuP5uPj"
56,1549180109684350976,1235433569054535680,2022-07-18T23:51:35.000Z,en,"We are legit and reliable 
Essays
Homework
essay pay 
#Essaydue
essaywrite 
#Essays 
#Javascript
#Python
Exams
Assignments 
#Assignmentdue 
#homeworkdue
#Homeworkhelp 
#essayhelp 
#Onlineclass 
#Programming
#CodeNewbies
#100DaysOfCode
#Statistics
Calculus
Dm Now
Quality work"
57,1549180004763942912,1340659203367702530,2022-07-18T23:51:10.000Z,en,"Need help don't fear to reach out;
Superb work guaranteed!
#online classes 
#summer 
#Essay due
#Paper pay 
#javascript
#Case study
#python
#Do my project 
#homework due 
#Essaypay 
#100DaysOfCode 
#essay write
#essay help
#assignments due 
#programming.
 https://t.co/5JPNQT6o3h"
58,1549179999617536000,2729893813,2022-07-18T23:51:08.000Z,en,"""Top 10 In-Demand programming languages to learn in 2022"" by @KamaruzzMd  

#100DaysOfCode #startups #SoftwareDeveloper #softwaredevelopment #Python #Java #javascript #rustlang #golang #CSharp #CloudComputing #data #programming 

https://t.co/aQRHoYoGxX"
59,1549179866054025216,1340659203367702530,2022-07-18T23:50:37.000Z,en,"We are legit to offer you A grade in your
‚úìnursing
‚úìessays
‚úìchemistry
‚úìfinance
‚úìphysics
‚úìbiology.
‚úìphysics.
‚úìchemistry.
‚úìalgebra
‚úìcalculus
‚úìessay pay.
Assignment due .
#100DaysOfCode
#WomenWhoCode.
#javascript
#Python
#Serverless
 https://t.co/c7noe4T1hl"
60,1549179272417476610,1276010473452945408,2022-07-18T23:48:15.000Z,en,"We offer Legit &amp; Quality academic solutions.
Kindly dm to place your order;
 #essaypay 
#Econometrics
#javascript
#WomenWhoCode
#English 
#Assignmentpay
#100DaysOfCode
#Python
#NodeJS
#Biology
#Math
#Essaydue
#homeworkslave
#OnlineClasses
#psychology 
WhatsApp +1(904)299-7012 https://t.co/bDcc3vZOZe"
61,1549179179538726912,1340659203367702530,2022-07-18T23:47:53.000Z,en,"We are legit to offer you A grade in your
‚úìnursing
‚úìessays
‚úìchemistry
‚úìfinance
‚úìphysics
‚úìbiology.
‚úìphysics.
‚úìchemistry.
‚úìalgebra
‚úìcalculus
‚úìessay pay.
Assignment due .
#100DaysOfCode
#WomenWhoCode.
#javascript
#Python
#Serverless
#Asu #IoT

Text/Call +1 (445)333-4915"
62,1549179042951307265,1340659203367702530,2022-07-18T23:47:20.000Z,en,"We are legit to offer you A grade in your
‚úìnursing
‚úìessays
‚úìchemistry
‚úìfinance
‚úìphysics
‚úìbiology.
‚úìphysics.
‚úìchemistry.
‚úìalgebra
‚úìcalculus
‚úìessay pay.
Assignment due .
#100DaysOfCode
#WomenWhoCode.
#javascript
#Python
#Serverless
#Asu #IoT
 https://t.co/jwhVW5eOZ9"
63,1549178987590606852,1340659203367702530,2022-07-18T23:47:07.000Z,en,"Hire our writers for the best grades in your papers.
‚úìnursing
‚úìessays
‚úìchemistry
‚úìfinance
‚úìphysics
‚úìbiology.
‚úìphysics.
‚úìchemistry.
‚úìalgebra
‚úìcalculus
‚úìessay pay.
Assignment due .
#100DaysOfCode
#WomenWhoCode.
#javascript
#Python
#Serverless
#Asu #IoT"
64,1549178957429460992,1340659203367702530,2022-07-18T23:47:00.000Z,en,"Hire our writers for the best grades in your papers.
‚úìnursing
‚úìessays
‚úìchemistry
‚úìfinance
‚úìphysics
‚úìbiology.
‚úìphysics.
‚úìchemistry.
‚úìalgebra
‚úìcalculus
‚úìessay pay.
Assignment due .
#100DaysOfCode
#WomenWhoCode.
#javascript
#Python
#Serverless https://t.co/NhukjqnAMf"
65,1549178903763324928,1340659203367702530,2022-07-18T23:46:47.000Z,en,"Hire our writers for the best grades in your papers.
‚úìnursing
‚úìessays
‚úìchemistry
‚úìfinance
‚úìphysics
‚úìbiology.
‚úìphysics.
‚úìchemistry.
‚úìalgebra
‚úìcalculus
‚úìessay pay.
Assignment due .
#100DaysOfCode
#WomenWhoCode.
#javascript
#Python
#Serverless
 https://t.co/WzVSek7bVV"
66,1549178863695138817,1276010473452945408,2022-07-18T23:46:38.000Z,en,"We have a team of professionals
#Assignmenthelp
#Paper pay 
#python
#homework
#Onlineclass
#Essaypay
#100DaysOfCode
#Econometrics
#Math
#homework
#essaywrite
#Casestudy
#javascript
#Homework
#Philosophy
#WomenWhoCode 
#Assignmentdue
#NodeJS
#essayhelp
WhatsApp +1(904)299-7012 https://t.co/JmhV54pWUC"
67,1549178750151057408,1340659203367702530,2022-07-18T23:46:11.000Z,en,"Hire our writers for the best grades in your papers.
‚úìnursing
‚úìessays
‚úìchemistry
‚úìfinance
‚úìphysics
‚úìbiology.
‚úìphysics.
‚úìchemistry.
‚úìalgebra
‚úìcalculus
‚úìessay pay.
Assignment due .
#100DaysOfCode
#WomenWhoCode.
#javascript
#Python
#Serverless
 https://t.co/0W4NH0yDLn"
68,1549178453118767105,1332714745871421443,2022-07-18T23:45:00.000Z,en,"Looking for a #Job or #hiring?
Sign up now https://t.co/RfdWugKKf2
A sraightforward approach
#Robotics #AIEthics #MachineLearning #AI #Python #DataScience #BigData #100DaysOfCode #Robots #fintech #insurtech #Bitcoin #CyberSecurity #blockchain #coding #Crypto #NFTs #Metaverse #ETH https://t.co/mbrsFb35if"
69,1549178327038148608,1340659203367702530,2022-07-18T23:44:30.000Z,en,"We are legit to offer you A grade in your
‚úìnursing
‚úìessays
‚úìchemistry
‚úìfinance
‚úìphysics
‚úìbiology.
‚úìphysics.
‚úìchemistry.
‚úìalgebra....
calculus
‚úìessay pay.
Assignment due .
#100DaysOfCode
#WomenWhoCode.
#javascript
#Python"
70,1549178269156745217,1340659203367702530,2022-07-18T23:44:16.000Z,en,"We are legit to offer you A grade in your
‚úìnursing
‚úìessays
‚úìchemistry
‚úìfinance
‚úìphysics
‚úìbiology.
‚úìphysics.
‚úìchemistry.
‚úìalgebra....
calculus
‚úìessay pay.
Assignment due .
#100DaysOfCode
#WomenWhoCode.
#javascript
#Python
 https://t.co/CZW6gtyHVR"
71,1549178154559881216,1235433569054535680,2022-07-18T23:43:49.000Z,en,"Hire our writers for the best grades in your papers.
‚úìnursing
‚úìessays
‚úìchemistry
‚úìfinance
‚úìphysics
‚úìbiology.
‚úìphysics.
‚úìchemistry.
‚úìalgebra
‚úìcalculus
‚úìessay pay.
Assignment due .
#100DaysOfCode
#WomenWhoCode.
#javascript
#Python
#Serverless
#Asu #IoT"
72,1549178142513831936,1528856711725031425,2022-07-18T23:43:46.000Z,en,"Getting Started with Streamlit for Data Science: Create and deploy Streamlit web applications from scratch in Python
 
https://t.co/F3OxJa4p6m
#dataprocessing #python3 #expertsystems #100daysofcode #pythonprogramming #programming"
73,1549177984837361666,1177684098497699840,2022-07-18T23:43:08.000Z,en,"Do you ever find yourself creating a dict in Python and then adding a default value to it?

Try out the defaultdict data structure from the collections module!

#Python #100DaysOfCode https://t.co/zg6RaSMji1"
74,1549177569769029639,1271101293583613952,2022-07-18T23:41:29.000Z,en,"We are legit to offer you A grade in your
‚úìnursing
‚úìessays
‚úìchemistry
‚úìfinance
‚úìphysics
‚úìbiology.
‚úìphysics.
‚úìchemistry.
‚úìalgebra....
calculus
‚úìessay pay.
Assignment due .
#100DaysOfCode
#WomenWhoCode.
#javascript
#Python
https://t.co/lwYvAVwg1r https://t.co/xcA3FBzON5"
75,1549177532406267905,1235433569054535680,2022-07-18T23:41:20.000Z,en,"Need help don't fear to reach out;
Superb work guaranteed!
#online classes 
#summer 
#Essay due
#Paper pay 
#javascript
#Case study
#python
#Do my project 
#homework due 
#Essaypay 
#100DaysOfCode 
#essay write
#essay help
#assignments due 
#programming.
Dm @Homework_Essay_"
76,1549177330689622016,1520097689895120899,2022-07-18T23:40:32.000Z,en,"We are legit to offer you A grade in your
‚úìnursing
‚úìessays
‚úìchemistry
‚úìfinance
‚úìphysics
‚úìbiology.
‚úìphysics.
‚úìchemistry.
‚úìalgebra....
calculus
‚úìessay pay.
Assignment due .
#100DaysOfCode
#WomenWhoCode.
#javascript
#Python"
77,1549176940728561664,1546947148369248256,2022-07-18T23:38:59.000Z,en,"Day 7 of #100DaysOfCode Learned about scope in #Python. Python doesn't have block scope. Also, that you can make a global variable (CONSTANT) with CAPITALISATION.
Today, I made a simple number guessing game.üî¢üé≤I enjoyed coding today ‚òÄÔ∏è https://t.co/NWR4ktKB72"
78,1549176712558022657,1135683696370040832,2022-07-18T23:38:05.000Z,en,"Pay us to do or write your 
#Assignments 
#calculus 
#homework
#Homeworkhelp 
#summerclasses 
#Onlineclass 
#essayhelp 
#Essaydue 
#essaywrite 
#Essays
#Music
#Law 
#Javascript
#Python
#Programming
#CodeNewbies 
#100daysofcode
#webdevelopment 
#Datascience
DM 
@Crystalsolutio4"
79,1549176359481753605,1513099299999019009,2022-07-18T23:36:41.000Z,en,Print all variables and their values - Visit https://t.co/h7NHt0PLs9 for the solution. #python #programming #programmer #100daysofcode #computer
80,1549175891967836164,1339691564017328129,2022-07-18T23:34:49.000Z,en,"Ô£ø Keys To Longevity 
#DataAnalytics #MachineLearning #BigData #DataScience #PyTorch #Python #TensorFlow #JavaScript #ReactJS #Flutter #DataScientist #Programming #Coding #hiphop #100DaysofCode #DEVCommunity #opensource #AI #mentalhealth 
#NFTCommunity #edutwitter #ETH #TEACHers https://t.co/EofxD5pJ4A https://t.co/WzGmYJO7Mw"
81,1549174899993894912,1339691564017328129,2022-07-18T23:30:53.000Z,en,"Ô£ø I Can't Mention You For Clout
#Python #Roblox #IoT #IIoT #Azure #PyTorch #Cython #RStats #DotNet #Web3 #Java #BTSV #ADA #CSharp #Flutter #SQL #TensorFlow #hiphop #JavaScript #ReactJS #Serverless #Linux #Security #NFT #opensource
#AI #CSS #WordPress #HTML #DevOps #100DaysOfCode https://t.co/4S2HQ6cNtD https://t.co/UgQOve0ULx"
82,1549174679268728832,1332714745871421443,2022-07-18T23:30:00.000Z,en,"Looking for a #Job or #hiring?
Sign up now https://t.co/RfdWugt9nu
A sraightforward approach
#Robotics #AIEthics #MachineLearning #AI #Python #DataScience #BigData #100DaysOfCode #Robots #fintech #insurtech #Bitcoin #CyberSecurity #blockchain #coding #Crypto #NFTs #Metaverse #ETH https://t.co/zmakomKzyk"
83,1549174646775463936,1464250989486161933,2022-07-18T23:29:52.000Z,en,"Day 23 - Start (Intermediate) of #100DaysOfCode with #Python!
Working on a ""Turtle Cross Game"" as capstone project in this class!"
84,1549174342323412993,1524079156811771911,2022-07-18T23:28:40.000Z,en,"Hire our writers for the best grades in your papers.
‚úìnursing
‚úìessays
‚úìchemistry
‚úìfinance
‚úìphysics
‚úìbiology.
‚úìphysics.
‚úìchemistry.
‚úìalgebra
‚úìcalculus
‚úìessay pay.
Assignment due .
#100DaysOfCode
#WomenWhoCode.
#javascript
#Python
#Serverless
Dm @Topgrade409 for help"
85,1549173636761796609,1524079156811771911,2022-07-18T23:25:51.000Z,en,"Hire our writers for the best grades in your papers.
‚úìnursing
‚úìessays
‚úìchemistry
‚úìfinance
‚úìphysics
‚úìbiology.
‚úìphysics.
‚úìchemistry.
‚úìalgebra
‚úìcalculus
‚úìessay
Assignment due .
#100DaysOfCode
#WomenWhoCode.
#javascript
#Python
#Serverless
 https://t.co/7TZhAuCx2L"
86,1549173023923736576,1210383451037282308,2022-07-18T23:23:25.000Z,en,"Tomorrow I'll be trying to implement gradient descent using plain python code and see what happens under the hood. I'll try my best to upload each of the notebooks to my GitHub account.
#DataScience #machinelearning #100DaysOfCode"
87,1549172018440019968,268619848,2022-07-18T23:19:26.000Z,en,Best of #SQL Cheat Sheet #MachineLearning #DataScience #blockchain #Cybersecurity #BigData #Analytics #AI #IIoT #Python #RStats #TensorFlow #JavaScript #ReactJS #CloudComputing #Serverless #DataScientist #Linux #Programming #Coding #100DaysofCode #NodeJS #golang #NLP #GitHub #IoT https://t.co/9QGS6YkHsb
88,1549171889184116739,268619848,2022-07-18T23:18:55.000Z,en,Kali #Linux Cheat Sheet for Hackers https://t.co/C7KEOuvTqA #DataScience #SQL #Cybersecurity #BigData #Analytics #AI #IIoT #Python #RStats #TensorFlow #JavaScript #ReactJS #CloudComputing #Serverless #DataScientist #Programming #Coding #100DaysofCode #NodeJS #golang #NLP #IoT #DL https://t.co/PhrSOFCaE3
89,1549171694614577152,268619848,2022-07-18T23:18:08.000Z,en,OSINT Cheat Sheet #MachineLearning #DataScience #SQL #Cybersecurity #BigData #Analytics #AI #IIoT #Python #RStats #TensorFlow #JavaScript #ReactJS #CloudComputing #Serverless #DataScientist #Linux #Programming #Coding #100DaysofCode #NodeJS #golang #NLP #GitHub #IoT #blockchain https://t.co/A2pbOehlqj
90,1549171627128025091,1269107130776223745,2022-07-18T23:17:52.000Z,en,Website to find #Coding challenges #MachineLearning #DataScience #SQL #Cybersecurity #BigData #Analytics #AI #IIoT #Python #RStats #TensorFlow #JavaScript #ReactJS #CloudComputing #Serverless #DataScientist #Linux #Programming #100DaysofCode #NodeJS #golang #NLP #GitHub #IoT #AW
91,1549171553266552834,1524079156811771911,2022-07-18T23:17:35.000Z,en,"Need help don't fear to reach out;
Superb work guaranteed!
#online classes 
#summer 
#Essay due
#Paper pay 
#javascript
#Case study
#python
#Do my project 
#homework due 
#Essaypay 
#100DaysOfCode 
#essay write
#essay help
#assignments due 
#programming. https://t.co/TBtMcJWyfu"
92,1549171475260866564,1271101293583613952,2022-07-18T23:17:16.000Z,en,"Hire our writers for the best grades in your papers.
‚úìnursing
‚úìessays
‚úìchemistry
‚úìfinance
‚úìphysics
‚úìbiology.
‚úìphysics.
‚úìchemistry.
‚úìalgebra
‚úìcalculus
‚úìessay pay.
Assignment due .
#100DaysOfCode
#WomenWhoCode.
#javascript
#Python
#Serverless
https://t.co/lwYvAVwg1r https://t.co/PAARSY7he1"
93,1549171360835985419,818797380929724416,2022-07-18T23:16:49.000Z,en,"Day 2 of #100DaysOfCode 

Today I covered basic data types (str, int, float, boolean) and f-string.

As I mentioned yesterday; I have https://t.co/yV0Rt2FMHa for my #Python Journey. I will start writing at this website in few days. 

Wish me luck :)
#LearnProgramming"
94,1549171193546248198,1435146570534580226,2022-07-18T23:16:09.000Z,en,"Photoshop editing for photo edit and photo retouching, dsign https://t.co/MwCtvzK7sZ

#Freelance #RobloxDev #Blockchain #NFTs #100daysofcode #Web3 #Crypto #ai #ml #datascience #python #GameDev #Marketing #gig #indiedev #vroid #Writers #Artists #artcommissions #unity3d"
95,1549170951119683596,1528856711725031425,2022-07-18T23:15:11.000Z,en,"Natural Language Processing in Action: Understanding, analyzing, and generating text with Python
 
https://t.co/L8nt9xUoTx

#python3 #100daysofcode #neuralnetworks #programming #java #nlp #voicerecognition #javascript"
96,1549170903325483011,1332714745871421443,2022-07-18T23:15:00.000Z,en,"Looking for a #Job or #hiring?
Sign up now https://t.co/RfdWugt9nu
A sraightforward approach
#Robotics #AIEthics #MachineLearning #AI #Python #DataScience #BigData #100DaysOfCode #Robots #fintech #insurtech #Bitcoin #CyberSecurity #blockchain #coding #Crypto #NFTs #Metaverse #ETH https://t.co/0QHcQWgIGQ"
97,1549170865795125249,3068484222,2022-07-18T23:14:51.000Z,en,"The Big Book of Small Python Projects: 81 Easy Practice Programs

Link - https://t.co/kS7d5hCYxS

#Python #100DaysOfCode #CodeNewbies #WomenWhoCode #DevOps #code #Coding #DataAnalytics #DataScience #ML #AI #ArtificialIntelligence #SoftwareEngineering #programming"
98,1549170687360864261,268619848,2022-07-18T23:14:08.000Z,en,Website to find #Coding challenges #MachineLearning #DataScience #SQL #Cybersecurity #BigData #Analytics #AI #IIoT #Python #RStats #TensorFlow #JavaScript #ReactJS #CloudComputing #Serverless #DataScientist #Linux #Programming #100DaysofCode #NodeJS #golang #NLP #GitHub #IoT #AWS https://t.co/EcRWtTrD37
99,1549170579663724544,1524079156811771911,2022-07-18T23:13:43.000Z,en,"We are legit to offer you A grade in your
‚úìnursing
‚úìessays
‚úìchemistry
‚úìfinance
‚úìphysics
‚úìbiology.
‚úìphysics.
‚úìchemistry.
‚úìalgebra
‚úìcalculus
‚úìessay pay.
Assignment due .
#100DaysOfCode
#WomenWhoCode.
#javascript
#Python
#Serverless
Dm now @Topgrade409"
